Deals Played,PIMC Hands,PIMC Wins,Basic Hands,Basic Wins,PIMC Win Rate,Basic Win Rate
10,10,4,11,3,0.4,0.2727272727272727
20,20,5,21,6,0.25,0.2857142857142857
30,30,8,31,10,0.26666666666666666,0.3225806451612903
40,41,14,42,12,0.34146341463414637,0.2857142857142857
50,52,19,52,17,0.36538461538461536,0.3269230769230769
60,63,24,62,20,0.38095238095238093,0.3225806451612903
70,75,32,72,26,0.4266666666666667,0.3611111111111111
80,85,36,82,29,0.4235294117647059,0.35365853658536583
90,95,42,92,35,0.4421052631578947,0.3804347826086957
100,105,45,103,38,0.42857142857142855,0.36893203883495146
110,116,48,113,45,0.41379310344827586,0.39823008849557523
120,126,53,123,47,0.42063492063492064,0.3821138211382114
130,137,60,133,50,0.43795620437956206,0.37593984962406013
140,147,62,143,53,0.4217687074829932,0.3706293706293706
150,157,64,153,60,0.40764331210191085,0.39215686274509803
160,167,67,163,65,0.40119760479041916,0.3987730061349693
170,178,71,174,69,0.398876404494382,0.39655172413793105
180,188,75,184,70,0.39893617021276595,0.3804347826086957
190,198,79,194,74,0.398989898989899,0.38144329896907214
200,208,83,204,77,0.39903846153846156,0.37745098039215685
210,218,90,215,79,0.41284403669724773,0.3674418604651163
220,228,98,225,82,0.4298245614035088,0.36444444444444446
230,238,102,235,86,0.42857142857142855,0.3659574468085106
240,248,105,245,89,0.42338709677419356,0.363265306122449
250,258,109,255,92,0.42248062015503873,0.3607843137254902
260,268,113,265,93,0.4216417910447761,0.35094339622641507
270,278,117,276,100,0.420863309352518,0.36231884057971014
280,288,119,286,104,0.4131944444444444,0.36363636363636365
290,299,123,296,108,0.411371237458194,0.36486486486486486
300,310,128,307,113,0.4129032258064516,0.36807817589576547
310,320,131,317,119,0.409375,0.3753943217665615
320,330,134,327,123,0.40606060606060607,0.3761467889908257
330,340,137,337,127,0.40294117647058825,0.3768545994065282
340,351,143,348,132,0.4074074074074074,0.3793103448275862
350,361,147,359,137,0.407202216066482,0.3816155988857939
360,371,149,369,139,0.40161725067385445,0.37669376693766937
370,381,157,380,143,0.4120734908136483,0.3763157894736842
380,391,161,390,145,0.4117647058823529,0.3717948717948718
390,401,166,400,150,0.4139650872817955,0.375
400,412,172,411,156,0.4174757281553398,0.3795620437956204
410,423,175,421,160,0.41371158392434987,0.38004750593824227
420,433,180,431,162,0.41570438799076215,0.37587006960556846
430,443,186,441,167,0.4198645598194131,0.3786848072562358
440,453,187,452,174,0.41280353200883,0.38495575221238937
450,464,193,462,176,0.41594827586206895,0.38095238095238093
460,475,197,472,181,0.4147368421052632,0.3834745762711864
470,485,201,482,185,0.4144329896907217,0.38381742738589214
480,495,203,492,188,0.4101010101010101,0.3821138211382114
490,506,207,502,189,0.4090909090909091,0.37649402390438247
500,516,214,512,192,0.41472868217054265,0.375
510,526,217,522,199,0.41254752851711024,0.38122605363984674
520,537,222,532,205,0.4134078212290503,0.38533834586466165
530,547,226,542,207,0.41316270566727603,0.38191881918819187
540,557,228,552,211,0.40933572710951527,0.3822463768115942
550,567,235,562,215,0.4144620811287478,0.38256227758007116
560,578,240,572,220,0.41522491349480967,0.38461538461538464
570,588,243,582,225,0.413265306122449,0.3865979381443299
580,598,246,592,228,0.411371237458194,0.38513513513513514
590,609,249,603,234,0.4088669950738916,0.3880597014925373
600,619,251,614,240,0.40549273021001614,0.39087947882736157
610,630,255,624,245,0.40476190476190477,0.3926282051282051
620,640,261,634,248,0.4078125,0.3911671924290221
630,650,264,644,249,0.40615384615384614,0.38664596273291924
640,660,270,655,250,0.4090909090909091,0.3816793893129771
650,670,272,665,253,0.4059701492537313,0.3804511278195489
660,680,277,675,257,0.4073529411764706,0.38074074074074077
670,691,281,685,261,0.40665701881331406,0.381021897810219
680,703,287,695,264,0.40825035561877665,0.37985611510791367
690,713,290,705,269,0.4067321178120617,0.38156028368794326
700,724,293,716,272,0.4046961325966851,0.37988826815642457
710,734,296,726,276,0.4032697547683924,0.38016528925619836
720,745,301,737,282,0.4040268456375839,0.38263229308005425
730,755,302,747,286,0.4,0.3828647925033467
740,765,307,758,289,0.4013071895424837,0.3812664907651715
750,775,313,768,291,0.4038709677419355,0.37890625
760,786,314,778,296,0.3994910941475827,0.38046272493573263
770,796,318,788,300,0.39949748743718594,0.38071065989847713
780,807,322,798,305,0.3990086741016109,0.38220551378446116
790,817,324,809,312,0.39657282741738065,0.3856613102595797
800,827,330,819,312,0.39903264812575573,0.38095238095238093
810,837,334,829,314,0.39904420549581837,0.37876960193003617
820,848,340,840,318,0.4009433962264151,0.37857142857142856
830,858,344,850,323,0.40093240093240096,0.38
840,869,350,860,325,0.40276179516685845,0.37790697674418605
850,879,354,871,328,0.40273037542662116,0.37657864523536166
860,889,355,881,334,0.39932508436445446,0.37911464245175935
870,899,358,892,338,0.3982202447163515,0.3789237668161435
880,909,359,903,342,0.3949394939493949,0.3787375415282392
890,919,364,913,345,0.39608269858541895,0.3778751369112815
900,929,368,925,353,0.3961248654467169,0.3816216216216216
910,939,371,935,358,0.3951011714589989,0.38288770053475935
920,949,373,945,363,0.39304531085353,0.38412698412698415
930,959,377,955,367,0.3931178310740355,0.3842931937172775
940,970,383,966,371,0.39484536082474225,0.38405797101449274
950,980,389,976,375,0.39693877551020407,0.38422131147540983
960,990,392,986,379,0.39595959595959596,0.3843813387423935
970,1000,394,997,384,0.394,0.38515546639919757
980,1011,398,1007,390,0.3936696340257171,0.3872889771598808
990,1023,401,1018,394,0.3919843597262952,0.38703339882121807
1000,1034,404,1028,398,0.390715667311412,0.38715953307393
1010,1044,408,1038,400,0.39080459770114945,0.3853564547206166
1020,1054,414,1048,402,0.3927893738140417,0.383587786259542
1030,1064,418,1059,405,0.39285714285714285,0.38243626062322944
1040,1074,425,1069,407,0.3957169459962756,0.3807296538821328
1050,1085,430,1080,408,0.39631336405529954,0.37777777777777777
1060,1095,434,1092,413,0.3963470319634703,0.3782051282051282
1070,1106,438,1103,416,0.3960216998191682,0.3771532184950136
1080,1116,443,1113,421,0.39695340501792115,0.3782569631626235
1090,1126,448,1123,422,0.3978685612788632,0.3757791629563669
1100,1136,451,1133,428,0.3970070422535211,0.37775816416593117
1110,1146,456,1143,434,0.39790575916230364,0.37970253718285213
1120,1157,462,1153,439,0.3993085566119274,0.38074588031222895
1130,1167,464,1163,445,0.3976006855184233,0.3826311263972485
1140,1178,470,1173,446,0.398981324278438,0.38022165387894286
1150,1189,473,1183,450,0.39781328847771236,0.3803888419273035
1160,1199,477,1194,450,0.3978315262718932,0.3768844221105528
1170,1210,483,1204,454,0.39917355371900826,0.3770764119601329
1180,1220,488,1214,459,0.4,0.37808896210873144
1190,1230,490,1224,466,0.3983739837398374,0.380718954248366
1200,1242,493,1234,469,0.3969404186795491,0.38006482982171796
1210,1252,495,1244,474,0.3953674121405751,0.38102893890675243
1220,1263,501,1254,477,0.39667458432304037,0.3803827751196172
1230,1273,505,1265,480,0.396700706991359,0.3794466403162055
1240,1283,510,1275,483,0.3975058456742011,0.3788235294117647
1250,1294,516,1285,489,0.3987635239567233,0.38054474708171204
1260,1304,522,1295,494,0.4003067484662577,0.38146718146718145
1270,1314,525,1306,497,0.3995433789954338,0.38055130168453294
1280,1324,531,1317,503,0.40105740181268884,0.3819286256643888
1290,1334,533,1327,504,0.3995502248875562,0.37980406932931426
1300,1344,537,1337,507,0.39955357142857145,0.37920718025430067
1310,1354,539,1348,513,0.39807976366322007,0.3805637982195846
1320,1364,541,1358,516,0.3966275659824047,0.3799705449189985
1330,1374,546,1368,518,0.39737991266375544,0.3786549707602339
1340,1385,552,1378,521,0.39855595667870036,0.37808417997097243
1350,1395,556,1389,523,0.3985663082437276,0.37652987760979123
1360,1405,559,1399,528,0.39786476868327403,0.3774124374553252
1370,1415,564,1409,533,0.39858657243816253,0.37828246983676367
1380,1425,567,1419,537,0.39789473684210525,0.3784355179704017
1390,1436,571,1429,542,0.39763231197771587,0.37928621413575925
1400,1446,575,1440,543,0.39764868603042874,0.3770833333333333
1410,1456,577,1451,549,0.39629120879120877,0.3783597518952447
1420,1466,580,1461,553,0.3956343792633015,0.378507871321013
1430,1476,581,1471,556,0.39363143631436315,0.37797416723317473
1440,1486,584,1481,560,0.39300134589502017,0.37812288993923027
1450,1496,590,1492,564,0.39438502673796794,0.3780160857908847
1460,1506,593,1502,567,0.3937583001328021,0.3774966711051931
1470,1516,596,1512,572,0.39313984168865435,0.3783068783068783
1480,1526,602,1522,577,0.3944954128440367,0.3791064388961892
1490,1537,606,1532,579,0.39427456083279117,0.3779373368146214
1500,1547,608,1542,583,0.3930187459599224,0.3780804150453956
1510,1558,614,1552,587,0.3940949935815148,0.37822164948453607
1520,1568,617,1564,590,0.3934948979591837,0.3772378516624041
1530,1578,618,1574,595,0.3916349809885932,0.37801778907242695
1540,1588,626,1584,598,0.39420654911838793,0.37752525252525254
1550,1598,630,1594,604,0.39424280350438046,0.37892095357590966
1560,1608,633,1604,607,0.39365671641791045,0.378428927680798
1570,1619,640,1615,613,0.39530574428659665,0.37956656346749224
1580,1629,643,1627,619,0.3947206875383671,0.38045482483097726
1590,1639,647,1637,623,0.3947528981086028,0.3805742211362248
1600,1649,649,1647,627,0.39357186173438446,0.3806921675774135
1610,1660,653,1657,630,0.3933734939759036,0.38020519010259507
1620,1670,657,1667,634,0.3934131736526946,0.38032393521295743
1630,1680,661,1678,637,0.39345238095238094,0.37961859356376637
1640,1691,664,1688,641,0.39266706091070375,0.379739336492891
1650,1701,668,1698,646,0.39271017048794826,0.38044758539458184
1660,1711,670,1708,651,0.39158386908240794,0.38114754098360654
1670,1722,676,1719,655,0.39256678281068524,0.38103548574752766
1680,1732,681,1729,662,0.3931870669745958,0.38288027761711974
1690,1742,683,1739,667,0.3920780711825488,0.38355376653248996
1700,1752,689,1749,672,0.3932648401826484,0.38421955403087477
1710,1762,690,1759,675,0.39160045402951194,0.38374076179647526
1720,1773,696,1769,678,0.3925549915397631,0.3832673827020916
1730,1783,702,1779,679,0.3937184520471116,0.38167509836987074
1740,1793,707,1789,682,0.3943112102621305,0.38121855785354947
1750,1803,711,1801,687,0.39434276206322794,0.38145474736257634
1760,1813,715,1811,691,0.39437396580253725,0.3815571507454445
1770,1823,722,1821,691,0.3960504662643993,0.3794618341570566
1780,1834,728,1832,696,0.3969465648854962,0.3799126637554585
1790,1846,735,1842,697,0.3981581798483207,0.3783930510314875
1800,1856,738,1853,701,0.39762931034482757,0.3783054506206152
1810,1866,739,1863,703,0.39603429796355843,0.37734836285560924
1820,1876,743,1873,706,0.39605543710021324,0.3769353977576081
1830,1886,746,1883,710,0.3955461293743372,0.3770578863515667
1840,1896,749,1893,714,0.395042194092827,0.37717908082408874
1850,1906,754,1903,719,0.3955928646379853,0.37782448765107723
1860,1918,756,1913,723,0.39416058394160586,0.3779404077365395
1870,1929,764,1924,725,0.3960601347848626,0.3768191268191268
1880,1940,767,1935,729,0.395360824742268,0.3767441860465116
1890,1950,773,1945,735,0.3964102564102564,0.37789203084832906
1900,1960,776,1956,741,0.39591836734693875,0.37883435582822084
1910,1971,780,1967,745,0.395738203957382,0.3787493645144891
1920,1981,784,1977,748,0.3957597173144876,0.3783510369246333
1930,1992,792,1987,752,0.39759036144578314,0.37845998993457475
1940,2003,797,1997,755,0.3979031452820769,0.3780671006509765
1950,2013,799,2007,759,0.3969200198708395,0.3781763826606876
1960,2024,805,2018,763,0.3977272727272727,0.37809712586719524
1970,2035,809,2028,769,0.39754299754299754,0.3791913214990138
1980,2045,812,2038,773,0.39706601466992664,0.37929342492639845
1990,2055,817,2048,776,0.3975669099756691,0.37890625
2000,2066,818,2059,778,0.3959341723136496,0.3778533268576979
2010,2077,823,2069,779,0.3962445835339432,0.3765103914934751
2020,2087,826,2080,781,0.39578342117872545,0.37548076923076923
2030,2097,829,2090,787,0.39532665712923226,0.376555023923445
2040,2107,832,2101,787,0.39487422876127193,0.37458353165159447
2050,2117,833,2111,793,0.3934813415210203,0.3756513500710564
2060,2128,839,2122,797,0.3942669172932331,0.37558906691800187
2070,2138,845,2132,802,0.3952291861552853,0.37617260787992496
2080,2148,851,2142,803,0.3961824953445065,0.37488328664799253
2090,2159,857,2152,806,0.396943029180176,0.3745353159851301
2100,2170,863,2162,809,0.3976958525345622,0.37419056429232195
2110,2181,868,2172,813,0.39798257679963317,0.3743093922651934
2120,2191,871,2183,817,0.39753537197626654,0.37425561154374715
2130,2202,874,2193,820,0.39691189827429607,0.3739170086639307
2140,2213,878,2204,823,0.39674649796656125,0.3734119782214156
2150,2223,883,2214,828,0.39721097615834455,0.37398373983739835
2160,2233,889,2224,832,0.3981191222570533,0.37410071942446044
2170,2244,893,2234,835,0.3979500891265597,0.373769024171889
2180,2254,896,2244,840,0.39751552795031053,0.37433155080213903
2190,2264,900,2254,845,0.39752650176678445,0.3748890860692103
2200,2274,904,2264,849,0.3975373790677221,0.375
2210,2284,908,2275,852,0.3975481611208406,0.37450549450549453
2220,2294,910,2286,854,0.3966870095902354,0.37357830271216097
2230,2304,913,2296,856,0.3962673611111111,0.37282229965156793
2240,2315,915,2307,861,0.3952483801295896,0.3732119635890767
2250,2325,922,2317,867,0.3965591397849462,0.3741907639188606
2260,2335,924,2327,871,0.3957173447537473,0.3743016759776536
2270,2345,927,2337,873,0.3953091684434968,0.3735558408215661
2280,2356,930,2347,878,0.39473684210526316,0.37409458883681296
2290,2366,932,2357,883,0.39391377852916315,0.37462876537972
2300,2376,937,2367,886,0.39436026936026936,0.37431347697507394
2310,2386,941,2378,891,0.3943839061190277,0.3746846089150547
2320,2396,947,2388,898,0.3952420701168614,0.3760469011725293
2330,2406,951,2398,900,0.39526184538653364,0.37531276063386154
2340,2416,953,2408,906,0.39445364238410596,0.37624584717607973
2350,2426,955,2418,912,0.39365210222588626,0.3771712158808933
2360,2436,960,2429,913,0.39408866995073893,0.3758748456154796
2370,2446,964,2440,918,0.39411283728536384,0.3762295081967213
2380,2456,967,2450,922,0.3937296416938111,0.3763265306122449
2390,2467,974,2461,926,0.39481151195784353,0.37626980902072327
2400,2477,978,2471,931,0.39483245861929755,0.37677053824362605
2410,2488,981,2481,938,0.3942926045016077,0.37807335751713017
2420,2498,985,2491,942,0.39431545236188953,0.3781613809714974
2430,2508,989,2501,944,0.39433811802232854,0.37744902039184325
2440,2518,995,2511,949,0.39515488482922956,0.37793707686180805
2450,2528,997,2523,955,0.39438291139240506,0.3785176377328577
2460,2538,1004,2533,959,0.3955870764381403,0.37860244769048557
2470,2548,1006,2543,964,0.39481946624803765,0.37907982697601256
2480,2558,1009,2553,971,0.3944487881157154,0.38033685859772814
2490,2569,1011,2564,975,0.3935383417672246,0.38026521060842433
2500,2579,1013,2574,978,0.39278790228770843,0.37995337995337997
2510,2589,1018,2584,984,0.3932020084974894,0.38080495356037153
2520,2599,1021,2594,986,0.39284340130819545,0.3801079414032382
2530,2610,1026,2604,990,0.3931034482758621,0.38018433179723504
2540,2621,1032,2615,995,0.39374284624189243,0.38049713193116635
2550,2631,1036,2625,999,0.3937666286583048,0.38057142857142856
2560,2641,1038,2635,1000,0.3930329420673987,0.3795066413662239
2570,2651,1043,2645,1001,0.3934364390795926,0.3784499054820416
2580,2661,1045,2655,1006,0.39270950770387075,0.3789077212806026
2590,2672,1049,2665,1010,0.3925898203592814,0.3789868667917448
2600,2682,1054,2676,1016,0.39299030574198357,0.3796711509715994
2610,2692,1057,2687,1019,0.3926448736998514,0.37923334573874207
2620,2702,1060,2697,1022,0.3923019985196151,0.3789395624768261
2630,2712,1062,2708,1027,0.3915929203539823,0.3792466765140325
2640,2722,1066,2718,1032,0.39162380602498165,0.37969094922737306
2650,2732,1070,2728,1039,0.3916544655929722,0.3808651026392962
2660,2743,1074,2738,1044,0.3915421071819176,0.38130021913805695
2670,2754,1077,2748,1047,0.39106753812636164,0.38100436681222705
2680,2764,1080,2759,1054,0.3907380607814761,0.38202247191011235
2690,2774,1082,2769,1059,0.39005046863734677,0.38244853737811485
2700,2784,1085,2779,1063,0.3897270114942529,0.3825116948542641
2710,2794,1091,2789,1068,0.3904795991410165,0.3829329508784511
2720,2804,1097,2800,1072,0.3912268188302425,0.38285714285714284
2730,2815,1100,2810,1079,0.3907637655417407,0.3839857651245552
2740,2825,1103,2821,1086,0.3904424778761062,0.38496986884083656
2750,2835,1109,2832,1089,0.39118165784832454,0.3845338983050847
2760,2845,1111,2842,1095,0.3905096660808436,0.3852920478536242
2770,2855,1113,2852,1100,0.38984238178633973,0.3856942496493689
2780,2865,1120,2863,1105,0.39092495636998253,0.38595878449179183
2790,2875,1125,2874,1111,0.391304347826087,0.38656924147529576
2800,2885,1128,2884,1116,0.39098786828422877,0.3869625520110957
2810,2895,1130,2894,1118,0.3903281519861831,0.3863165169315826
2820,2905,1134,2904,1122,0.39036144578313253,0.38636363636363635
2830,2915,1137,2915,1127,0.3900514579759863,0.38662092624356775
2840,2925,1140,2925,1131,0.38974358974358975,0.38666666666666666
2850,2935,1145,2935,1136,0.3901192504258944,0.38705281090289606
2860,2945,1148,2945,1140,0.3898132427843803,0.3870967741935484
2870,2956,1150,2955,1143,0.38903924221921515,0.3868020304568528
2880,2967,1155,2965,1147,0.38928210313447925,0.38684654300168636
2890,2977,1156,2975,1153,0.3883103795767551,0.387563025210084
2900,2988,1161,2985,1157,0.3885542168674699,0.38760469011725296
2910,2998,1166,2995,1160,0.38892595063375585,0.38731218697829717
2920,3008,1172,3006,1166,0.3896276595744681,0.3878908848968729
2930,3018,1176,3018,1172,0.38966202783300197,0.388336646785951
2940,3028,1180,3030,1180,0.38969616908850724,0.38943894389438943
2950,3038,1183,3040,1186,0.38940092165898615,0.39013157894736844
2960,3048,1188,3050,1189,0.38976377952755903,0.3898360655737705
2970,3060,1196,3060,1193,0.3908496732026144,0.38986928104575164
2980,3070,1200,3070,1198,0.39087947882736157,0.390228013029316
2990,3080,1204,3080,1201,0.39090909090909093,0.3899350649350649
3000,3090,1207,3090,1204,0.3906148867313916,0.3896440129449838
3010,3100,1209,3100,1207,0.39,0.3893548387096774
3020,3111,1214,3110,1211,0.3902282224365156,0.38938906752411573
3030,3121,1217,3120,1214,0.3899391220762576,0.3891025641025641
3040,3131,1221,3130,1217,0.3899712551900351,0.3888178913738019
3050,3141,1223,3141,1221,0.3893664438077046,0.38872970391595035
3060,3151,1226,3151,1223,0.38908283084735007,0.38813075214217707
3070,3161,1232,3163,1227,0.3897500790888959,0.3879228580461587
3080,3171,1238,3174,1233,0.39041311888994007,0.388468809073724
3090,3181,1241,3184,1239,0.39012889028607356,0.38913316582914576
3100,3191,1245,3194,1243,0.39015982450642434,0.389167188478397
3110,3201,1248,3204,1247,0.3898781630740394,0.38920099875156056
3120,3211,1250,3214,1249,0.3892868265337901,0.3886123210952085
3130,3222,1255,3224,1251,0.3895096213531968,0.3880272952853598
3140,3232,1259,3234,1254,0.3895420792079208,0.3877551020408163
3150,3242,1262,3244,1260,0.3892658852560148,0.3884093711467324
3160,3252,1266,3255,1265,0.3892988929889299,0.38863287250384027
3170,3262,1270,3265,1271,0.3893316983445739,0.3892802450229709
3180,3272,1273,3275,1274,0.38905867970660146,0.3890076335877863
3190,3282,1274,3285,1280,0.3881779402803169,0.3896499238964992
3200,3292,1277,3295,1284,0.387910085054678,0.38968133535660093
3210,3302,1281,3305,1289,0.387946698970321,0.3900151285930408
3220,3313,1288,3317,1295,0.38877150618774525,0.39041302381670184
3230,3323,1296,3327,1297,0.39000902798675896,0.38984069732491733
3240,3333,1298,3337,1301,0.38943894389438943,0.3898711417440815
3250,3343,1302,3347,1307,0.3894705354472031,0.3904989542874216
3260,3353,1305,3357,1311,0.3892036981807337,0.3905272564789991
3270,3363,1310,3367,1314,0.38953315492120133,0.39025839025839026
3280,3373,1315,3377,1317,0.38986065816780313,0.3899911163754812
3290,3383,1320,3387,1323,0.39018622524386637,0.3906111603188663
3300,3393,1324,3397,1326,0.39021514883583847,0.3903444215484251
3310,3403,1325,3407,1328,0.38936232735821336,0.3897857352509539
3320,3413,1329,3417,1331,0.38939349545854085,0.3895229733684519
3330,3423,1332,3427,1333,0.38913234005258546,0.3889699445579224
3340,3434,1334,3437,1336,0.38846825859056494,0.38871108524876347
3350,3444,1337,3447,1342,0.3882113821138211,0.3893240498984624
3360,3455,1345,3458,1349,0.38929088277858176,0.3901098901098901
3370,3466,1348,3468,1352,0.3889209463358338,0.38985005767012687
3380,3477,1352,3478,1357,0.38884095484613174,0.390166762507188
3390,3487,1356,3488,1359,0.38887295669630056,0.3896215596330275
3400,3497,1360,3499,1364,0.3889047755218759,0.38982566447556444
3410,3507,1367,3509,1370,0.38979184488166524,0.390424622399544
3420,3517,1371,3519,1374,0.38982087005971,0.39045183290707586
3430,3527,1376,3530,1377,0.39013325772611285,0.39008498583569406
3440,3537,1377,3540,1381,0.3893129770992366,0.39011299435028246
3450,3547,1379,3550,1384,0.3887792500704821,0.38985915492957746
3460,3557,1384,3561,1387,0.3890919314028676,0.38949733221005334
3470,3567,1388,3572,1388,0.3891225119147743,0.3885778275475924
3480,3577,1390,3583,1392,0.3885937936818563,0.3885012559307843
3490,3587,1393,3593,1398,0.3883468079174798,0.3890898970219872
3500,3597,1398,3603,1402,0.3886572143452877,0.389120177629753
3510,3608,1403,3613,1404,0.3888580931263858,0.38859673401605316
3520,3619,1408,3623,1408,0.3890577507598784,0.38862820866685066
3530,3630,1414,3634,1411,0.38953168044077136,0.38827738029719316
3540,3640,1416,3645,1416,0.389010989010989,0.388477366255144
3550,3650,1420,3655,1418,0.38904109589041097,0.38796169630642957
3560,3660,1425,3665,1421,0.38934426229508196,0.3877216916780355
3570,3670,1431,3675,1424,0.3899182561307902,0.3874829931972789
3580,3680,1435,3685,1425,0.389945652173913,0.38670284938941657
3590,3690,1438,3695,1428,0.3897018970189702,0.386468200270636
3600,3700,1441,3705,1432,0.3894594594594595,0.3865047233468286
3610,3710,1444,3715,1435,0.38921832884097035,0.38627187079407804
3620,3720,1449,3725,1438,0.3895161290322581,0.38604026845637585
3630,3730,1452,3735,1441,0.3892761394101877,0.385809906291834
3640,3740,1455,3745,1447,0.3890374331550802,0.38638184245660884
3650,3750,1458,3755,1453,0.3888,0.3869507323568575
3660,3760,1462,3765,1456,0.38882978723404255,0.38671978751660024
3670,3770,1466,3775,1460,0.38885941644562333,0.38675496688741723
3680,3780,1469,3786,1464,0.38862433862433865,0.3866877971473851
3690,3790,1471,3796,1468,0.38812664907651717,0.38672286617492097
3700,3800,1474,3806,1473,0.38789473684210524,0.3870204939569101
3710,3810,1480,3816,1479,0.3884514435695538,0.38757861635220126
3720,3820,1484,3826,1485,0.38848167539267014,0.3881338212232096
3730,3832,1489,3838,1492,0.38856993736951984,0.3887441375716519
3740,3842,1494,3849,1496,0.38885996876626755,0.38867238243699664
3750,3852,1499,3860,1498,0.3891484942886812,0.38808290155440417
3760,3862,1502,3870,1503,0.3889176592439151,0.3883720930232558
3770,3874,1513,3881,1509,0.39055240061951474,0.3888173151249678
3780,3884,1517,3891,1511,0.39057672502574664,0.3883320483166281
3790,3894,1519,3901,1512,0.3900873138161274,0.38759292489105357
3800,3904,1524,3911,1515,0.39036885245901637,0.38736895934543597
3810,3914,1529,3922,1524,0.3906489524782831,0.3885772565017848
3820,3924,1532,3932,1528,0.3904179408766565,0.3886063072227874
3830,3934,1534,3942,1533,0.38993390950686324,0.3888888888888889
3840,3944,1538,3952,1539,0.38995943204868155,0.3894230769230769
3850,3954,1541,3962,1542,0.38973191704602933,0.3891973750630994
3860,3965,1542,3973,1547,0.3889029003783102,0.3893783035489555
3870,3975,1544,3983,1550,0.38842767295597486,0.38915390409239264
3880,3985,1547,3993,1554,0.38820577164366377,0.38918106686701726
3890,3996,1551,4003,1557,0.38813813813813813,0.3889582812890332
3900,4006,1556,4013,1563,0.38841737393909137,0.3894841764266135
3910,4016,1558,4023,1567,0.38794820717131473,0.3895103156848123
3920,4026,1564,4034,1573,0.388474913065077,0.3899355478433317
3930,4036,1568,4046,1575,0.38850346878097125,0.3892733564013841
3940,4046,1574,4056,1579,0.38902619871478,0.38929980276134124
3950,4056,1577,4066,1583,0.38880670611439844,0.3893261190359075
3960,4066,1580,4076,1586,0.38858829316281357,0.3891069676153091
3970,4077,1586,4087,1591,0.3890115280843758,0.38928309273305606
3980,4087,1590,4098,1595,0.3890384144849523,0.3892142508540752
3990,4097,1594,4109,1599,0.38906516963631926,0.38914577756145047
4000,4107,1599,4119,1605,0.38933528122717315,0.3896576839038602
4010,4118,1605,4130,1609,0.389752306945119,0.3895883777239709
4020,4129,1610,4140,1610,0.3899249212884476,0.3888888888888889
4030,4139,1615,4151,1616,0.3901908673592655,0.38930378222115153
4040,4149,1618,4162,1618,0.38997348758737044,0.38875540605478137
4050,4159,1624,4172,1620,0.39047848040394323,0.3883029721955896
4060,4169,1626,4183,1627,0.39002158791076996,0.3889552952426488
4070,4179,1629,4193,1632,0.3898061737257717,0.38922012878607204
4080,4189,1634,4203,1637,0.39006922893291957,0.3894837021175351
4090,4199,1639,4213,1639,0.39033103119790424,0.38903394255874674
4100,4209,1644,4223,1642,0.39059158945117606,0.3888231115320862
4110,4219,1648,4234,1645,0.3906138895472861,0.38852149267831837
4120,4229,1652,4245,1651,0.3906360841806574,0.3889281507656066
4130,4239,1658,4256,1656,0.3911299834866714,0.3890977443609023
4140,4249,1662,4266,1663,0.3911508590256531,0.38982653539615564
4150,4260,1666,4276,1668,0.3910798122065728,0.3900841908325538
4160,4270,1669,4287,1671,0.3908665105386417,0.38978306508047583
4170,4280,1675,4297,1675,0.39135514018691586,0.3898068419827787
4180,4290,1679,4307,1681,0.39137529137529137,0.3902948688182029
4190,4300,1684,4317,1683,0.3916279069767442,0.3898540653231411
4200,4310,1688,4327,1687,0.39164733178654293,0.38987751328865267
4210,4322,1694,4337,1691,0.3919481721425266,0.38990085312427947
4220,4333,1697,4347,1697,0.3916455111931687,0.39038417299286865
4230,4343,1700,4359,1702,0.39143449228643795,0.39045652672631337
4240,4353,1704,4369,1708,0.39145416953824946,0.3909361409933623
4250,4363,1707,4379,1712,0.3912445564978226,0.3909568394610642
4260,4374,1712,4391,1717,0.3914037494284408,0.3910271008881804
4270,4384,1715,4401,1720,0.39119525547445255,0.3908202681208816
4280,4394,1718,4411,1722,0.3909877105143377,0.39038766719564727
4290,4404,1721,4421,1727,0.3907811080835604,0.3906356028047953
4300,4414,1723,4431,1732,0.39034888989578614,0.39088241931843826
4310,4424,1725,4441,1738,0.38991862567811936,0.3913532988065751
4320,4434,1727,4451,1741,0.38949030221019393,0.39114805661649066
4330,4444,1729,4461,1745,0.3890639063906391,0.39116789957408654
4340,4454,1732,4471,1750,0.3888639425235743,0.39141131737866247
4350,4464,1734,4481,1755,0.38844086021505375,0.39165364873912073
4360,4474,1735,4491,1759,0.3877961555654895,0.3916722333556001
4370,4484,1737,4501,1764,0.3873773416592328,0.39191290824261277
4380,4494,1742,4511,1767,0.38762794837561193,0.39170915539791623
4390,4504,1747,4523,1772,0.38787744227353466,0.3917753703294274
4400,4515,1751,4533,1775,0.3878183831672204,0.3915729097727774
4410,4526,1759,4543,1782,0.3886433937251436,0.3922518159806295
4420,4537,1766,4553,1786,0.38924399382852104,0.39226883373599825
4430,4548,1771,4563,1791,0.3894019349164468,0.39250493096646943
4440,4558,1774,4574,1796,0.38920579201404126,0.39265413205072147
4450,4568,1777,4585,1801,0.3890105078809107,0.39280261723009813
4460,4578,1783,4596,1805,0.38947138488422894,0.3927328111401218
4470,4588,1786,4606,1810,0.38927637314734087,0.3929656969170647
4480,4599,1791,4617,1813,0.38943248532289626,0.3926792289365389
4490,4609,1793,4627,1817,0.38902147971360385,0.3926950507888481
4500,4620,1799,4637,1820,0.3893939393939394,0.3924951477248221
4510,4631,1806,4647,1824,0.38998056575253726,0.39251129761136216
4520,4641,1811,4658,1830,0.39021762551174316,0.3928724774581365
4530,4652,1820,4669,1838,0.39122957867583835,0.39366031270079244
4540,4662,1824,4679,1841,0.3912483912483912,0.39346014105578114
4550,4674,1828,4689,1843,0.3910997004706889,0.39304755811473663
4560,4685,1831,4699,1847,0.39082177161152615,0.39306235369227494
4570,4695,1834,4709,1852,0.3906283280085197,0.3932894457421958
4580,4705,1837,4720,1858,0.3904357066950053,0.39364406779661015
4590,4715,1839,4731,1865,0.39003181336161186,0.39420841259775946
4600,4725,1843,4742,1870,0.39005291005291004,0.3943483762125685
4610,4735,1845,4752,1876,0.38965153115100315,0.3947811447811448
4620,4748,1851,4763,1880,0.38984835720303285,0.39470921688011756
4630,4758,1854,4774,1887,0.3896595208070618,0.39526602429828234
4640,4768,1859,4785,1888,0.3898909395973154,0.39456635318704286
4650,4779,1862,4795,1890,0.38962125967775685,0.39416058394160586
4660,4789,1867,4805,1895,0.3898517435790353,0.39438085327783556
4670,4799,1869,4815,1901,0.38945613669514484,0.39480789200415367
4680,4809,1873,4826,1904,0.38947806196714496,0.3945296311645255
4690,4819,1877,4837,1909,0.389499896244034,0.3946661153607608
4700,4829,1879,4847,1913,0.38910747566784015,0.39467711986795956
4710,4839,1886,4859,1917,0.38974994833643317,0.3945256225560815
4720,4849,1892,4869,1923,0.3901835429985564,0.39494762784966114
4730,4859,1895,4880,1927,0.38999794196336696,0.39487704918032784
4740,4869,1897,4891,1932,0.3896077223249127,0.3950112451441423
4750,4880,1900,4903,1936,0.38934426229508196,0.39486028961860087
4760,4890,1905,4914,1943,0.3895705521472393,0.3954008954008954
4770,4900,1911,4925,1949,0.39,0.39573604060913703
4780,4910,1915,4935,1952,0.390020366598778,0.3955420466058764
4790,4920,1918,4945,1958,0.38983739837398373,0.39595551061678463
4800,4930,1923,4955,1961,0.3900608519269777,0.39576185671039354
4810,4942,1928,4966,1965,0.39012545528126263,0.39569069673781715
4820,4952,1929,4977,1970,0.38953957996768984,0.395820775567611
4830,4963,1931,4987,1973,0.38907918597622404,0.39562863444956886
4840,4973,1936,4997,1975,0.38930223205308667,0.3952371422853712
4850,4984,1940,5007,1978,0.38924558587479935,0.3950469342919912
4860,4994,1945,5017,1984,0.3894673608329996,0.3954554514650189
4870,5004,1949,5028,1984,0.38948840927258194,0.39459029435163084
4880,5014,1953,5038,1988,0.3895093737534902,0.3946010321556173
4890,5024,1956,5048,1993,0.3893312101910828,0.39480982567353406
4900,5034,1962,5058,1999,0.38974970202622167,0.3952155001977066
4910,5044,1968,5068,2003,0.3901665344964314,0.39522494080505133
4920,5054,1970,5079,2010,0.38979026513652554,0.39574719432959243
4930,5064,1973,5090,2018,0.3896129541864139,0.39646365422396856
4940,5074,1977,5101,2023,0.3896334253054789,0.3965889041364438
4950,5084,1979,5111,2028,0.38926042486231316,0.39679123459205634
4960,5095,1985,5121,2029,0.38959764474975467,0.3962116774067565
4970,5106,1991,5131,2030,0.3899334116725421,0.3956343792633015
4980,5116,1996,5141,2034,0.39014855355746675,0.39564287103676327
4990,5126,2000,5151,2039,0.3901677721420211,0.3958454668996311
5000,5136,2005,5161,2043,0.3903816199376947,0.39585351676031777
5010,5146,2009,5172,2047,0.3904003109211038,0.395784996133024
5020,5156,2014,5182,2052,0.39061287820015517,0.3959861057506754
5030,5167,2019,5193,2054,0.39074898393652024,0.39553244752551514
5040,5177,2023,5203,2055,0.39076685338999423,0.3949644435902364
5050,5187,2027,5213,2057,0.3907846539425487,0.3945904469595243
5060,5197,2031,5224,2060,0.3908023859919184,0.3943338437978561
5070,5207,2038,5234,2062,0.3913961974265412,0.3939625525410776
5080,5217,2044,5244,2065,0.3917960513705195,0.39378337147215864
5090,5227,2051,5254,2070,0.3923856896881576,0.3939855348306053
5100,5237,2054,5265,2075,0.39220928012220735,0.39411206077872746
5110,5248,2056,5275,2078,0.39176829268292684,0.3939336492890995
5120,5259,2061,5286,2082,0.39189960068454077,0.3938706015891033
5130,5270,2067,5296,2085,0.3922201138519924,0.3936933534743202
5140,5280,2070,5306,2091,0.39204545454545453,0.394082171127026
5150,5290,2074,5316,2092,0.39206049149338373,0.3935289691497366
5160,5301,2079,5326,2096,0.3921901528013582,0.39354111903867817
5170,5311,2083,5336,2102,0.39220485784221426,0.393928035982009
5180,5321,2088,5346,2103,0.39240744221011087,0.39337822671156003
5190,5331,2094,5356,2108,0.3927968486212718,0.39357729648991785
5200,5341,2101,5367,2111,0.39337202771016666,0.393329606856717
5210,5351,2103,5377,2112,0.39301065221453935,0.39278408034219825
5220,5361,2107,5388,2116,0.3930236896101474,0.392724573125464
5230,5372,2111,5399,2123,0.39296351451973194,0.39322096684571217
5240,5382,2117,5409,2126,0.3933481976960238,0.39304862266592716
5250,5393,2121,5419,2129,0.39328759503059524,0.3928769145598819
5260,5403,2124,5429,2134,0.3931149361465852,0.3930742309817646
5270,5413,2126,5439,2138,0.39275817476445596,0.39308696451553593
5280,5423,2130,5449,2143,0.3927715286741656,0.3932831712240778
5290,5433,2136,5459,2147,0.3931529541689674,0.3932954753617879
5300,5443,2140,5469,2152,0.3931655337130259,0.39349058328762115
5310,5454,2147,5479,2157,0.39365603226989365,0.3936849790107684
5320,5464,2154,5489,2164,0.3942166910688141,0.3942430315175806
5330,5474,2158,5499,2167,0.3942272561198392,0.3940716493907983
5340,5484,2162,5510,2170,0.3942377826404085,0.3938294010889292
5350,5494,2164,5520,2175,0.3938842373498362,0.39402173913043476
5360,5504,2168,5531,2181,0.3938953488372093,0.3943229072500452
5370,5514,2170,5542,2187,0.3935437069278201,0.39462287982677735
5380,5524,2172,5552,2192,0.3931933381607531,0.39481268011527376
5390,5534,2177,5562,2196,0.3933863389953018,0.3948220064724919
5400,5544,2180,5573,2202,0.39321789321789324,0.3951193253184999
5410,5554,2183,5583,2205,0.3930500540151242,0.3949489521762493
5420,5565,2187,5593,2208,0.3929919137466307,0.3947791882710531
5430,5577,2194,5603,2215,0.39340147032454725,0.39532393360699625
5440,5587,2200,5613,2220,0.393771254698407,0.39551042223409943
5450,5597,2202,5623,2224,0.3934250491334644,0.3955184065445492
5460,5608,2204,5633,2226,0.3930099857346648,0.39517131191194743
5470,5618,2208,5643,2228,0.39302242791028835,0.3948254474570264
5480,5628,2209,5653,2234,0.39250177683013504,0.39518839554219
5490,5638,2211,5663,2237,0.392160340546293,0.3950203072576373
5500,5649,2216,5674,2242,0.3922818197911135,0.39513570673246384
5510,5659,2219,5684,2246,0.3921187488955646,0.39514426460239266
5520,5670,2225,5694,2246,0.3924162257495591,0.3944502985598876
5530,5680,2227,5704,2255,0.3920774647887324,0.3953366058906031
5540,5690,2229,5715,2259,0.3917398945518453,0.3952755905511811
5550,5700,2231,5725,2262,0.3914035087719298,0.3951091703056769
5560,5712,2235,5735,2268,0.391281512605042,0.3954664341761116
5570,5722,2237,5745,2274,0.3909472212513107,0.395822454308094
5580,5733,2243,5755,2278,0.3912436769579627,0.3958297132927889
5590,5744,2249,5765,2281,0.39153899721448465,0.39566348655680833
5600,5754,2251,5776,2284,0.39120611748348977,0.3954293628808864
5610,5764,2254,5786,2290,0.39104788341429564,0.3957829243000346
5620,5775,2261,5797,2295,0.39151515151515154,0.39589442815249265
5630,5785,2268,5807,2300,0.3920484010371651,0.3960737041501636
5640,5795,2273,5817,2305,0.3922346850733391,0.39625236376138906
5650,5805,2276,5827,2309,0.3920757967269595,0.3962587952634289
5660,5815,2281,5837,2316,0.39226139294926915,0.3967791673805037
5670,5826,2284,5847,2322,0.3920357020254034,0.39712673165726015
5680,5838,2289,5857,2327,0.3920863309352518,0.39730237322861534
5690,5849,2295,5867,2330,0.39237476491707984,0.39713652633373103
5700,5859,2298,5877,2331,0.39221710189452125,0.39663093415007655
5710,5869,2300,5887,2335,0.39188958936786505,0.39663665704093765
5720,5879,2305,5897,2336,0.3920734818846743,0.3961336272681024
5730,5889,2307,5907,2339,0.39174732552215996,0.39597088200440156
5740,5900,2310,5918,2344,0.39152542372881355,0.3960797566745522
5750,5911,2315,5928,2348,0.39164270005075286,0.3960863697705803
5760,5921,2319,5938,2352,0.391656814727242,0.3960929605927922
5770,5931,2324,5948,2358,0.3918394874388805,0.3964357767316745
5780,5941,2329,5958,2360,0.39202154519441174,0.396106075864384
5790,5951,2329,5968,2364,0.3913627961687111,0.396112600536193
5800,5962,2334,5978,2366,0.39147936933914795,0.3957845433255269
5810,5972,2335,5988,2371,0.39099129269926325,0.39595858383433535
5820,5982,2336,5999,2375,0.3905048478769642,0.3958993165527588
5830,5992,2337,6009,2378,0.3900200267022697,0.39573972374771177
5840,6002,2339,6020,2384,0.3897034321892702,0.39601328903654487
5850,6012,2342,6031,2388,0.3895542248835662,0.39595423644503397
5860,6023,2348,6041,2392,0.3898389506890254,0.3959609336202615
5870,6034,2353,6051,2395,0.38995691083858136,0.3958023467195505
5880,6044,2355,6064,2399,0.38964262078093975,0.39561345646437995
5890,6054,2362,6074,2405,0.3901552692434754,0.3959499506091538
5900,6064,2367,6085,2406,0.39033641160949867,0.3953985209531635
5910,6074,2368,6095,2409,0.38985841290747447,0.39524200164068907
5920,6084,2369,6105,2410,0.3893819855358317,0.39475839475839475
5930,6094,2372,6115,2411,0.3892353134230391,0.3942763695829926
5940,6104,2374,6126,2415,0.3889252948885976,0.3942213516160627
5950,6114,2376,6136,2421,0.3886162904808636,0.3945567144719687
5960,6124,2377,6146,2426,0.38814500326583934,0.39472827855515785
5970,6134,2382,6157,2427,0.3883273557222041,0.39418547994152997
5980,6144,2384,6167,2432,0.3880208333333333,0.3943570617804443
5990,6154,2387,6178,2438,0.38787780305492364,0.3946260925865976
6000,6165,2388,6188,2444,0.3873479318734793,0.3949579831932773
6010,6175,2394,6199,2447,0.38769230769230767,0.3947410872721407
6020,6185,2398,6209,2451,0.38771220695230396,0.3947495570945402
6030,6195,2402,6219,2454,0.3877320419693301,0.39459720212252775
6040,6205,2407,6229,2455,0.3879129734085415,0.3941242575052175
6050,6215,2413,6239,2458,0.38825422365245377,0.3939733931719827
6060,6225,2417,6249,2460,0.38827309236947793,0.39366298607777245
6070,6235,2421,6259,2465,0.3882919005613472,0.39383288065186134
6080,6245,2425,6269,2469,0.388310648518815,0.39384271813686395
6090,6255,2429,6280,2474,0.3883293365307754,0.3939490445859873
6100,6265,2431,6290,2478,0.38802873104549085,0.3939586645468998
6110,6277,2435,6300,2484,0.38792416759598536,0.3942857142857143
6120,6287,2438,6310,2489,0.38778431684428183,0.3944532488114105
6130,6297,2442,6320,2495,0.3878037160552644,0.3947784810126582
6140,6307,2447,6331,2500,0.3879816077374346,0.39488232506713
6150,6317,2449,6342,2504,0.3876840272281146,0.3948281299274677
6160,6328,2454,6353,2508,0.38780025284450065,0.3947741224618291
6170,6338,2456,6363,2513,0.3875039444619754,0.3949394939493949
6180,6350,2461,6375,2515,0.38755905511811023,0.39450980392156865
6190,6360,2466,6385,2518,0.3877358490566038,0.39436178543461237
6200,6370,2468,6395,2520,0.38744113029827315,0.3940578577013292
6210,6380,2473,6405,2525,0.3876175548589342,0.3942232630757221
6220,6390,2477,6415,2529,0.3876369327073552,0.39423226812159
6230,6401,2480,6426,2536,0.3874394625839713,0.39464674758792406
6240,6411,2483,6436,2540,0.38730307284355014,0.39465506525792415
6250,6421,2490,6447,2546,0.3877900638529824,0.39491236233907245
6260,6431,2496,6458,2547,0.38812004353910745,0.39439454939609786
6270,6441,2500,6469,2550,0.38813848781245147,0.3941876642448601
6280,6451,2505,6479,2556,0.3883118896295148,0.39450532489581724
6290,6461,2512,6490,2558,0.388794304287262,0.3941448382126348
6300,6471,2517,6500,2561,0.38896615669911916,0.394
6310,6481,2521,6510,2565,0.38898318160777656,0.39400921658986177
6320,6491,2525,6520,2568,0.389000154059467,0.39386503067484663
6330,6501,2527,6530,2571,0.3887094293185664,0.3937212863705972
6340,6512,2529,6540,2575,0.38835995085995084,0.3937308868501529
6350,6522,2534,6550,2581,0.3885311254216498,0.39404580152671753
6360,6532,2538,6561,2583,0.3885486834047765,0.3936899862825789
6370,6542,2542,6571,2586,0.38856618771018037,0.3935474052655608
6380,6552,2546,6581,2588,0.3885836385836386,0.3932533049688497
6390,6563,2548,6591,2591,0.3882370866981563,0.39311181914732213
6400,6573,2552,6602,2598,0.3882549825041838,0.3935171160254468
6410,6583,2556,6612,2601,0.3882728239404527,0.3933756805807623
6420,6594,2560,6622,2604,0.38823172581134363,0.39323467230443976
6430,6604,2563,6632,2607,0.38809812235009084,0.3930940892641737
6440,6614,2569,6642,2611,0.3884185061989719,0.3931044866004216
6450,6624,2575,6653,2613,0.388737922705314,0.3927551480535097
6460,6634,2580,6663,2615,0.38890563762435937,0.3924658562209215
6470,6645,2587,6674,2618,0.3893152746425884,0.3922685046448906
6480,6655,2590,6684,2623,0.38918106686701726,0.3924296828246559
6490,6666,2595,6694,2630,0.3892889288928893,0.3928891544666866
6500,6676,2596,6704,2634,0.38885560215698023,0.3928997613365155
6510,6686,2600,6714,2642,0.3888722704157942,0.39350610664283586
6520,6696,2606,6724,2645,0.38918757467144566,0.39336704342653184
6530,6706,2608,6734,2648,0.388905457798986,0.3932283932283932
6540,6716,2611,6744,2653,0.38877307921381776,0.3933867141162515
6550,6726,2615,6754,2657,0.3887897710377639,0.3933965057743559
6560,6736,2616,6765,2663,0.38836104513064135,0.39364375461936435
6570,6746,2621,6775,2668,0.3885265342425141,0.3938007380073801
6580,6757,2624,6787,2669,0.3883380198312861,0.39325180492117284
6590,6767,2631,6798,2670,0.38879858135067236,0.39276257722859664
6600,6777,2635,6808,2674,0.3888151099306478,0.3927732079905993
6610,6788,2636,6819,2679,0.3883323512080141,0.3928728552573691
6620,6798,2639,6829,2682,0.38820241247425713,0.39273685751940257
6630,6808,2643,6839,2686,0.38821974148061106,0.3927474777014183
6640,6818,2649,6849,2689,0.3885303608096216,0.39261206015476713
6650,6829,2656,6859,2694,0.3889295650900571,0.39276862516401806
6660,6840,2662,6869,2699,0.38918128654970763,0.39292473431358277
6670,6850,2666,6880,2703,0.3891970802919708,0.3928779069767442
6680,6860,2670,6891,2708,0.3892128279883382,0.39297634595849656
6690,6871,2672,6901,2712,0.38888080337651,0.39298652369221854
6700,6881,2675,6911,2717,0.38875163493678244,0.39314136883229633
6710,6891,2676,6921,2723,0.3883326077492381,0.39344025429851176
6720,6903,2680,6931,2727,0.38823699840648995,0.3934497186553167
6730,6914,2687,6942,2730,0.3886317616430431,0.39325842696629215
6740,6925,2695,6952,2733,0.3891696750902527,0.3931242807825086
6750,6938,2703,6962,2736,0.38959354280772557,0.39299051996552714
6760,6948,2708,6973,2737,0.3897524467472654,0.39251398250394376
6770,6958,2709,6983,2744,0.3893360160965795,0.3929543176285264
6780,6968,2713,6993,2747,0.3893513203214696,0.39282139282139283
6790,6979,2720,7003,2751,0.38974065052299756,0.3928316435813223
6800,6989,2725,7013,2756,0.38989841178995566,0.3929844574361899
6810,6999,2730,7023,2761,0.39005572224603513,0.39313683610992456
6820,7009,2734,7033,2764,0.3900699101155657,0.3930044077918385
6830,7020,2738,7043,2767,0.39002849002849005,0.3928723555303138
6840,7031,2743,7053,2771,0.3901294268240649,0.3928824613639586
6850,7041,2748,7063,2776,0.3902854708138049,0.39303412147812544
6860,7051,2751,7073,2779,0.3901574244787973,0.3929025873038315
6870,7061,2756,7083,2783,0.390312986829061,0.3929126076521248
6880,7071,2760,7093,2787,0.3903266864658464,0.3929225997462287
6890,7082,2766,7104,2793,0.39056763626094326,0.39315878378378377
6900,7092,2770,7114,2795,0.39058093626621543,0.39288726454877704
6910,7102,2779,7124,2800,0.39129822585187274,0.3930376193149916
6920,7113,2783,7134,2805,0.39125544777168564,0.39318755256518084
6930,7123,2786,7144,2808,0.391127333988488,0.393057110862262
6940,7133,2788,7154,2812,0.3908593859526146,0.3930668157674029
6950,7143,2789,7164,2818,0.3904521909561809,0.39335566722501397
6960,7154,2792,7174,2823,0.39027117696393626,0.39350432115974354
6970,7164,2797,7184,2830,0.3904243439419319,0.39393095768374164
6980,7175,2804,7194,2834,0.390801393728223,0.3939393939393939
6990,7185,2806,7204,2837,0.39053583855254004,0.3938089950027762
7000,7195,2810,7214,2839,0.39054899235580265,0.3935403382312171
7010,7205,2813,7224,2843,0.3904233171408744,0.39354928017718716
7020,7217,2820,7234,2848,0.39074407648607457,0.3936964335084324
7030,7227,2822,7244,2850,0.39048014390480146,0.39342904472667034
7040,7237,2827,7254,2853,0.39063147713140806,0.3933002481389578
7050,7247,2830,7264,2858,0.39050641644818546,0.39344713656387664
7060,7257,2835,7274,2863,0.3906572964034725,0.39359362111630464
7070,7267,2842,7285,2867,0.39108297784505297,0.3935483870967742
7080,7278,2846,7295,2871,0.3910414949161858,0.39355723098012335
7090,7288,2847,7305,2876,0.390642151481888,0.39370294318959614
7100,7298,2849,7316,2882,0.39038092628117294,0.39393110989611807
7110,7308,2854,7326,2889,0.39053092501368364,0.39434889434889436
7120,7318,2859,7337,2892,0.39068051380158514,0.3941665530870928
7130,7330,2865,7347,2895,0.3908594815825375,0.3940383830134749
7140,7340,2869,7357,2899,0.39087193460490466,0.3940464863395406
7150,7350,2874,7367,2903,0.39102040816326533,0.39405456766662145
7160,7360,2875,7378,2907,0.390625,0.39400921658986177
7170,7371,2882,7388,2911,0.39099172432505763,0.39401732539252843
7180,7381,2886,7399,2913,0.3910039290069096,0.3937018516015678
7190,7391,2890,7410,2918,0.3910161006629685,0.39379217273954115
7200,7401,2895,7420,2921,0.39116335630320226,0.39366576819407006
7210,7411,2900,7431,2928,0.3913102145459452,0.3940250302785628
7220,7422,2905,7442,2931,0.3914039342495284,0.39384574039236764
7230,7432,2908,7453,2934,0.39128094725511303,0.39366697973970216
7240,7442,2912,7463,2938,0.39129266326256384,0.39367546563044353
7250,7452,2915,7473,2942,0.3911701556629093,0.39368392881038405
7260,7463,2916,7483,2946,0.3907275894412435,0.3936923693705733
7270,7473,2923,7493,2949,0.39114144252642846,0.39356732950754036
7280,7483,2926,7505,2952,0.3910196445275959,0.39333777481678883
7290,7493,2933,7515,2955,0.39143200320298943,0.3932135728542914
7300,7503,2937,7526,2958,0.3914434226309476,0.3930374701036407
7310,7513,2944,7537,2963,0.3918541195261547,0.3931272389544912
7320,7523,2947,7547,2969,0.3917320217998139,0.39340135153040945
7330,7533,2954,7557,2970,0.39214124518784016,0.3930131004366812
7340,7543,2957,7568,2976,0.3920190905475275,0.39323467230443976
7350,7553,2960,7578,2980,0.3918972593671389,0.39324359989443125
7360,7563,2962,7589,2984,0.39164352770064786,0.3932006852022664
7370,7573,2964,7599,2989,0.3913904661296712,0.3933412291090933
7380,7584,2969,7611,2994,0.39148206751054854,0.39337800551832874
7390,7594,2974,7621,2997,0.39162496707927313,0.3932554782836898
7400,7604,2981,7631,3000,0.3920305102577591,0.39313327217926874
7410,7614,2985,7641,3005,0.39204097714736014,0.39327313178903284
7420,7624,2987,7652,3006,0.3917890870933893,0.3928384736016728
7430,7635,2993,7664,3008,0.3920104780615586,0.3924843423799583
7440,7645,2998,7674,3011,0.39215173315892743,0.39236382590565544
7450,7656,3004,7684,3015,0.39237199582027166,0.39237376366475796
7460,7666,3006,7694,3018,0.39212105400469605,0.39225370418507927
7470,7677,3009,7704,3019,0.3919499804611176,0.39187435098650053
7480,7687,3014,7714,3025,0.39209054247430725,0.3921441534871662
7490,7697,3016,7724,3027,0.39184097700402754,0.3918953909891248
7500,7708,3018,7734,3034,0.3915412558380903,0.3922937677786398
7510,7718,3023,7744,3040,0.3916817828452967,0.3925619834710744
7520,7728,3026,7754,3042,0.3915631469979296,0.39231364457054424
7530,7738,3031,7764,3047,0.3917032825019385,0.3924523441524987
7540,7749,3034,7775,3054,0.3915343915343915,0.3927974276527331
7550,7759,3038,7785,3058,0.39154530222966877,0.3928066795118818
7560,7769,3040,7795,3063,0.3912987514480628,0.39294419499679284
7570,7780,3044,7805,3067,0.39125964010282777,0.39295323510570146
7580,7790,3048,7815,3073,0.39127086007702183,0.3932181701855406
7590,7800,3051,7826,3080,0.39115384615384613,0.3935599284436494
7600,7810,3054,7836,3083,0.3910371318822023,0.3934405308831036
7610,7820,3057,7846,3089,0.390920716112532,0.3937037981136885
7620,7830,3060,7857,3094,0.39080459770114945,0.3937889779814178
7630,7840,3063,7867,3097,0.3906887755102041,0.39366975975594254
7640,7850,3066,7877,3100,0.3905732484076433,0.39355084423003683
7650,7860,3070,7887,3105,0.3905852417302799,0.39368581209585396
7660,7870,3071,7898,3110,0.39021601016518426,0.39377057482907063
7670,7881,3077,7909,3117,0.39043268620733407,0.3941079782526236
7680,7891,3080,7919,3119,0.39031808389304273,0.3938628614724081
7690,7901,3085,7930,3121,0.39045690418934315,0.3935687263556116
7700,7911,3087,7940,3126,0.3902161547212742,0.3937027707808564
7710,7922,3095,7951,3131,0.39068417066397376,0.39378694503836
7720,7934,3100,7961,3136,0.3907234686160827,0.3939203617635975
7730,7944,3104,7971,3141,0.3907351460221551,0.39405344373353407
7740,7955,3109,7981,3147,0.39082338152105595,0.3943114897882471
7750,7966,3114,7993,3151,0.3909113733366809,0.3942199424496434
7760,7976,3120,8003,3155,0.39117352056168503,0.39422716481319503
7770,7986,3126,8013,3158,0.391435011269722,0.39410957194558843
7780,7996,3128,8023,3160,0.39119559779889945,0.39386763056213386
7790,8006,3132,8033,3164,0.3912065950537097,0.39387526453379806
7800,8016,3134,8044,3168,0.39096806387225547,0.39383391347588265
7810,8026,3137,8056,3171,0.39085472215300276,0.3936196623634558
7820,8036,3142,8067,3175,0.3909905425584868,0.39357877773645716
7830,8046,3144,8080,3180,0.3907531692766592,0.3935643564356436
7840,8057,3150,8091,3184,0.39096437880104257,0.3935236682733902
7850,8068,3154,8101,3189,0.39092711948438275,0.3936551043081101
7860,8078,3160,8111,3195,0.3911859371131468,0.39390950560966587
7870,8088,3163,8121,3199,0.39107319485657766,0.3939170052949144
7880,8098,3168,8131,3202,0.39120770560632256,0.39380150043045137
7890,8109,3169,8141,3205,0.39080034529535085,0.393686279326864
7900,8119,3171,8151,3206,0.3905653405591822,0.3933259722733407
7910,8129,3177,8161,3210,0.3908229794562677,0.3933341502266879
7920,8140,3182,8171,3213,0.39090909090909093,0.3932199241218945
7930,8150,3186,8181,3214,0.390920245398773,0.39286150837305955
7940,8160,3190,8191,3220,0.3909313725490196,0.39311439384690516
7950,8170,3192,8201,3226,0.39069767441860465,0.3933666626021217
7960,8180,3197,8211,3231,0.3908312958435208,0.39349652904640114
7970,8190,3201,8221,3235,0.39084249084249084,0.3935044398491668
7980,8200,3204,8231,3237,0.3907317073170732,0.3932693475883854
7990,8211,3206,8241,3242,0.39045183290707586,0.39339885936172797
8000,8221,3210,8251,3247,0.3904634472691887,0.39352805720518724
8010,8232,3216,8261,3249,0.39067055393586003,0.3932937900980511
8020,8242,3217,8271,3252,0.39031788400873574,0.3931809938338774
8030,8252,3220,8281,3253,0.39020843431895297,0.3928269532665137
8040,8263,3226,8291,3257,0.39041510347331476,0.3928356048727536
8050,8274,3229,8301,3258,0.3902586415276771,0.39248283339356704
8060,8285,3234,8311,3262,0.3903439951719976,0.3924918782336662
8070,8295,3239,8321,3262,0.3904761904761905,0.39202018988102394
8080,8305,3241,8331,3267,0.39024683925346176,0.39214980194454446
8090,8315,3246,8341,3271,0.39037883343355384,0.3921592135235583
8100,8325,3250,8351,3272,0.39039039039039036,0.3918093641480062
8110,8335,3254,8361,3276,0.3904019196160768,0.39181916038751347
8120,8346,3258,8371,3280,0.3903666427030913,0.3918289332218373
8130,8356,3261,8381,3285,0.39025849688846337,0.39195800023863503
8140,8366,3267,8391,3287,0.3905092039206311,0.3917292337027768
8150,8376,3274,8401,3292,0.39087870105062084,0.3918581121295084
8160,8387,3276,8411,3294,0.3906045069750805,0.3916300083224349
8170,8397,3280,8421,3295,0.390615696081934,0.391283695523097
8180,8408,3286,8431,3298,0.3908182683158896,0.39117542403036415
8190,8418,3287,8442,3300,0.3904727963886909,0.39090262970859985
8200,8428,3290,8452,3301,0.3903654485049834,0.3905584477046853
8210,8438,3293,8462,3308,0.3902583550604409,0.39092413141101395
8220,8448,3298,8473,3312,0.39038825757575757,0.3908887052991856
8230,8459,3302,8484,3317,0.3903534696772668,0.39097123998114097
8240,8469,3305,8494,3321,0.3902467823828079,0.39098186955498
8250,8479,3309,8504,3325,0.39025828517513855,0.39099247412982124
8260,8489,3314,8515,3333,0.3903875603722464,0.39142689371697004
8270,8500,3321,8525,3337,0.3907058823529412,0.39143695014662755
8280,8510,3324,8535,3338,0.39059929494712103,0.391095489162273
8290,8520,3328,8545,3343,0.39061032863849765,0.39122293739028674
8300,8530,3336,8556,3346,0.3910902696365768,0.3910705937353904
8310,8540,3340,8566,3350,0.3911007025761124,0.3910810179780528
8320,8550,3344,8576,3354,0.39111111111111113,0.39109141791044777
8330,8560,3347,8586,3360,0.39100467289719626,0.3913347309573725
8340,8570,3351,8596,3362,0.3910151691948658,0.39111214518380644
8350,8580,3354,8606,3366,0.39090909090909093,0.39112247269346967
8360,8590,3358,8616,3368,0.3909196740395809,0.39090064995357476
8370,8600,3360,8626,3373,0.39069767441860465,0.3910271272895896
8380,8610,3366,8637,3379,0.3909407665505226,0.39122380456176914
8390,8620,3369,8647,3383,0.39083526682134573,0.391233953972476
8400,8630,3372,8657,3386,0.3907300115874855,0.3911285664779947
8410,8641,3374,8667,3392,0.3904640666589515,0.3913695627091266
8420,8652,3381,8677,3397,0.3907766990291262,0.3914947562521609
8430,8662,3385,8689,3398,0.39078734703301776,0.3910691679134538
8440,8672,3388,8699,3399,0.3906826568265683,0.39073456719163124
8450,8682,3392,8709,3401,0.3906933886201336,0.39051555861752213
8460,8692,3395,8720,3406,0.39058904739990796,0.39059633027522933
8470,8702,3398,8730,3409,0.39048494598942773,0.3904925544100802
8480,8712,3400,8740,3413,0.39026629935720847,0.39050343249427916
8490,8722,3403,8751,3417,0.390162806695712,0.390469660610216
8500,8732,3407,8761,3423,0.3901740723774622,0.3907088231936994
8510,8742,3409,8771,3423,0.389956531686113,0.3902633679169992
8520,8752,3414,8781,3426,0.39008226691042047,0.3901605739665186
8530,8762,3415,8792,3433,0.3897511983565396,0.39046860782529574
8540,8772,3420,8802,3436,0.3898768809849521,0.39036582594864805
8550,8783,3424,8812,3442,0.3898440168507344,0.39060372219700407
8560,8793,3427,8822,3447,0.3897418401000796,0.3907277261391975
8570,8803,3431,8832,3452,0.389753493127343,0.3908514492753623
8580,8813,3433,8842,3454,0.3895381822307954,0.3906356028047953
8590,8823,3438,8852,3459,0.38966337980278815,0.390759150474469
8600,8833,3440,8863,3460,0.38944865843994114,0.39038700214374367
8610,8843,3444,8874,3467,0.38946059029741037,0.39069190894748707
8620,8853,3448,8884,3471,0.38947249519936744,0.39070238631247184
8630,8863,3452,8894,3476,0.3894843732370529,0.3908252754666067
8640,8873,3456,8904,3479,0.38949622450129606,0.39072327044025157
8650,8883,3460,8915,3483,0.3895080490825172,0.39068984856982614
8660,8893,3464,8925,3486,0.3895198470707298,0.3905882352941176
8670,8904,3469,8937,3492,0.3896001796945193,0.3907351460221551
8680,8914,3472,8948,3497,0.38949966345075165,0.39081358962896734
8690,8925,3474,8958,3502,0.3892436974789916,0.39093547666889933
8700,8935,3479,8969,3508,0.3893676552881925,0.39112498606310625
8710,8945,3486,8979,3511,0.38971492453884854,0.39102349927608865
8720,8955,3489,8989,3516,0.38961474036850924,0.3911447324507732
8730,8965,3494,8999,3517,0.38973786949247075,0.3908212023558173
8740,8975,3498,9009,3520,0.38974930362116994,0.3907203907203907
8750,8986,3502,9019,3525,0.38971733808146003,0.3908415567136046
8760,8996,3505,9029,3529,0.3896176078257003,0.39085170007752795
8770,9006,3511,9040,3533,0.38985121030424164,0.39081858407079645
8780,9016,3516,9051,3539,0.38997338065661047,0.3910065186167274
8790,9026,3522,9062,3542,0.39020607134943497,0.39086294416243655
8800,9036,3528,9072,3546,0.3904382470119522,0.39087301587301587
8810,9046,3531,9082,3552,0.3903382710590316,0.3911032812155913
8820,9056,3536,9092,3553,0.39045936395759717,0.3907831060272767
8830,9066,3540,9103,3558,0.39046988749172734,0.39086015599252993
8840,9076,3542,9113,3558,0.3902600264433671,0.3904312520575003
8850,9086,3547,9123,3560,0.3903808056350429,0.39022251452373125
8860,9096,3551,9133,3562,0.390391380826737,0.3900142340961349
8870,9106,3553,9143,3566,0.3901822973863387,0.39002515585693975
8880,9116,3555,9155,3574,0.3899736726634489,0.39038776624795196
8890,9126,3558,9165,3576,0.3898750821827745,0.3901800327332242
8900,9136,3561,9175,3582,0.38977670753064797,0.39040871934604904
8910,9146,3564,9186,3588,0.3896785479991253,0.3905943827563684
8920,9158,3566,9196,3590,0.38938632889277136,0.3903871248368856
8930,9168,3570,9206,3594,0.3893979057591623,0.3903975668042581
8940,9178,3574,9216,3599,0.38940945739812594,0.3905164930555556
8950,9188,3580,9226,3600,0.3896386591205921,0.39020160416215044
8960,9198,3583,9236,3602,0.38954120460969777,0.38999566912083156
8970,9209,3587,9246,3606,0.3895102617005104,0.3900064892926671
8980,9221,3594,9256,3606,0.38976249864439866,0.38958513396715644
8990,9231,3599,9266,3608,0.3898819196186762,0.3893805309734513
9000,9241,3604,9276,3611,0.39000108213396817,0.38928417421302286
9010,9251,3609,9287,3618,0.39011998702842937,0.3895768278238398
9020,9261,3611,9297,3622,0.389914696037145,0.38958803915241474
9030,9271,3615,9307,3627,0.38992557437169667,0.3897066723971204
9040,9281,3620,9317,3631,0.39004417627410837,0.3897177202962327
9050,9291,3623,9327,3636,0.38994726079001185,0.38983596011579286
9060,9302,3627,9337,3637,0.38991614706514727,0.3895255435364678
9070,9315,3634,9348,3641,0.39012345679012345,0.3894950791613179
9080,9325,3637,9358,3646,0.3900268096514745,0.3896131652062407
9090,9336,3644,9369,3651,0.3903170522707798,0.38968940121677875
9100,9346,3649,9379,3655,0.3904344104429703,0.38970039449834737
9110,9356,3650,9389,3660,0.3901239846088072,0.3898178719778464
9120,9367,3652,9399,3662,0.3898793637237109,0.38961591658687095
9130,9377,3654,9409,3664,0.3896768689346273,0.38941439047720267
9140,9388,3659,9419,3670,0.38975287601193015,0.38963796581378063
9150,9398,3663,9431,3676,0.38976377952755903,0.38977839041459017
9160,9408,3666,9441,3681,0.38966836734693877,0.38989513822688276
9170,9418,3670,9452,3683,0.38967933743894667,0.3896529834955565
9180,9428,3674,9463,3688,0.3896902842596521,0.38972841593574975
9190,9438,3678,9473,3691,0.3897012078830261,0.3896336957669165
9200,9448,3680,9483,3694,0.3895004233700254,0.3895391753664452
9210,9458,3682,9494,3698,0.38930006343835905,0.3895091636823257
9220,9469,3689,9504,3702,0.3895870736086176,0.38952020202020204
9230,9480,3695,9515,3706,0.38976793248945146,0.3894902785076195
9240,9490,3699,9526,3712,0.3897787144362487,0.3896703758135629
9250,9500,3703,9536,3717,0.3897894736842105,0.38978607382550334
9260,9511,3707,9546,3720,0.3897592261591841,0.38969201759899436
9270,9521,3711,9556,3725,0.3897699821447327,0.38980745081624113
9280,9531,3716,9566,3728,0.38988563634455986,0.3897135688898181
9290,9541,3718,9576,3733,0.38968661565873597,0.389828738512949
9300,9551,3720,9586,3734,0.3894880117265208,0.3895263926559566
9310,9561,3725,9597,3738,0.3896035979500052,0.38949671772428884
9320,9571,3730,9607,3741,0.38971894263922263,0.3894035599042365
9330,9581,3734,9618,3745,0.38972967331176284,0.3893740902474527
9340,9591,3737,9629,3745,0.38963611719320196,0.3889292761449787
9350,9601,3743,9640,3751,0.3898552234142277,0.3891078838174274
9360,9611,3746,9650,3753,0.3897617313494954,0.3889119170984456
9370,9621,3749,9660,3754,0.3896684336347573,0.3886128364389234
9380,9631,3752,9670,3759,0.38957532966462466,0.3887280248190279
9390,9643,3758,9680,3766,0.38971274499637043,0.3890495867768595
9400,9654,3760,9690,3771,0.38947586492645536,0.3891640866873065
9410,9664,3763,9700,3775,0.38938327814569534,0.38917525773195877
9420,9675,3766,9710,3780,0.38925064599483206,0.38928939237899074
9430,9685,3769,9721,3784,0.3891584925141972,0.3892603641600658
9440,9695,3772,9733,3790,0.3890665291387313,0.3893968971540121
9450,9706,3777,9743,3793,0.38914073768802804,0.38930514215334083
9460,9716,3778,9753,3798,0.3888431453272952,0.3894186404183328
9470,9726,3784,9763,3801,0.38906025087394613,0.38932705111133875
9480,9736,3791,9773,3802,0.389379622021364,0.38903100378594085
9490,9746,3793,9783,3808,0.3891853067925303,0.389246652356128
9500,9756,3800,9793,3812,0.3895038950389504,0.3892576330031655
9510,9767,3805,9804,3813,0.3895771475376267,0.38892288861689106
9520,9777,3808,9814,3817,0.3894855272578501,0.3889341756674139
9530,9787,3811,9825,3821,0.3893940942066006,0.3889058524173028
9540,9797,3815,9835,3823,0.3894049198734306,0.388713777325877
9550,9807,3819,9845,3828,0.38941572346283265,0.3888268156424581
9560,9817,3824,9856,3836,0.3895283691555465,0.38920454545454547
9570,9827,3829,9867,3841,0.38964078559071946,0.38927738927738925
9580,9837,3830,9878,3846,0.38934634543051744,0.3893500708645475
9590,9847,3832,9888,3850,0.38915405707322026,0.3893608414239482
9600,9857,3835,9898,3857,0.38906360961753067,0.3896746817538897
9610,9867,3839,9908,3862,0.3890746934225195,0.3897860314897053
9620,9877,3843,9918,3863,0.3890857547838412,0.38949384956644484
9630,9887,3846,9928,3867,0.38899565085465765,0.3895044319097502
9640,9898,3849,9938,3870,0.38886643766417456,0.38941436908834776
9650,9908,3852,9948,3870,0.3887767460637868,0.38902291917973464
9660,9918,3857,9958,3873,0.3888888888888889,0.3889335207873067
9670,9928,3863,9968,3877,0.38910153102336825,0.3889446227929374
9680,9938,3869,9978,3881,0.38931374522036627,0.3889557025456003
9690,9948,3875,9988,3884,0.38952553277040614,0.38886663996796156
9700,9959,3876,9999,3888,0.389195702379757,0.38883888388838883
9710,9969,3879,10009,3890,0.3891062293108637,0.388650214806674
9720,9981,3885,10020,3895,0.3892395551547941,0.38872255489021956
9730,9991,3892,10030,3899,0.38955059553598237,0.38873379860418744
9740,10001,3896,10040,3904,0.3895610438956104,0.3888446215139442
9750,10012,3903,10051,3906,0.38983220135836993,0.3886180479554273
9760,10022,3908,10061,3910,0.38994212731989625,0.388629360898519
9770,10032,3912,10071,3914,0.38995215311004783,0.38864065137523585
9780,10042,3915,10081,3918,0.38986257717586137,0.38865191945243527
9790,10052,3922,10091,3922,0.39017111022682055,0.38866316519670996
9800,10062,3925,10101,3925,0.3900814947326575,0.3885753885753886
9810,10072,3928,10111,3931,0.38999205718824465,0.3887844921372762
9820,10082,3931,10122,3936,0.3899027970640746,0.3888559573206876
9830,10093,3937,10133,3941,0.390072327355593,0.38892726734432054
9840,10103,3941,10143,3945,0.39008215381569833,0.38893818396923985
9850,10113,3947,10154,3951,0.3902897260951251,0.3891077407918062
9860,10123,3951,10164,3953,0.3902993183838783,0.3889216843762298
9870,10133,3955,10174,3959,0.3903088917398599,0.38912915274228427
9880,10143,3958,10184,3963,0.3902198560583654,0.38913982717989004
9890,10154,3965,10194,3968,0.3904865077801851,0.3892485775946635
9900,10164,3969,10205,3975,0.390495867768595,0.38951494365507106
9910,10174,3975,10217,3983,0.39070178887359935,0.3898404619751395
9920,10184,3980,10227,3987,0.3908091123330715,0.38985039601056026
9930,10194,3986,10237,3993,0.3910143221502845,0.3900556803751099
9940,10204,3988,10247,3996,0.3908271266170129,0.3899677954523275
9950,10215,3992,10257,3999,0.39079784630445424,0.389880081895291
9960,10227,3999,10267,4003,0.3910237606336169,0.3898899386383559
9970,10237,4003,10277,4006,0.3910325290612484,0.3898024715383867
9980,10247,4004,10287,4011,0.3907485117595394,0.3899095946340041
9990,10258,4006,10297,4017,0.39052446870735036,0.3901136253277654
10000,10268,4009,10307,4022,0.3904363069731204,0.3902202386727467
